{
  "analysis_date": "2025-12-13",
  "total_molecules": 1832,
  "pfasgroups_success_rate": 1.0,
  "atlas_success_rate": 1.0,
  "agreement_rate": 0.9929039301310044,
  "disagreement_count": 13,
  "specificity_rate": 0.4634279475982533,
  "atlas_classifications": {
    "Complex structure": 1573,
    "Other PFASs": 246,
    "Not PFAS": 13
  },
  "top_groups": {
    "48": 1689,
    "31": 308,
    "22": 249,
    "51": 249,
    "23": 190,
    "7": 158,
    "36": 158,
    "33": 156,
    "47": 155,
    "21": 154
  },
  "complexity_analysis": {
    