{
  "total_molecules": 1832,
  "molecules_with_detections": 1832,
  "molecules_with_expected": 1832,
  "specific_correct": 849,
  "expected_detected": 1782,
  "detection_coverage": 100.0,
  "specificity_rate": 46.34279475982533,
  "detection_accuracy": 97.27074235807859,
  "top_detected_groups": {
    "48": 1689,
    "31": 308,
    "22": 249,
    "51": 249,
    "23": 190,
    "7": 158,
    "36": 158,
    "33": 156,
    "47": 155,
    "21": 154
  },
  "top_expected_groups": {
    "48": 775,
    "31": 278,
    "36": 158,
    "47": 155,
    "51": 125,
    "29": 124,
    "7": 124,
    "2": 124,
    "33": 94,
    "49": 93
  }
}