{
  "common_molecules": 28328,
  "hg_only_molecules": 43580,
  "atlas_only_molecules": 0,
  "agreement_matrix": {
    "both_pfas": 12001,
    "only_hg": 3075,
    "only_atlas": 8847,
    "neither": 4405,
    "total": 28328,
    "agreement_pct": 57.91443095170856,
    "cohen_kappa": 0.13191174509835057
  },
  "timing_overall": {
    "hg": {
      "n": 28328,
      "mean": 12.79373732409125,
      "std": 9.199124932029,
      "median": 10.107979000167688,
      "min": 0.9553870004310738,
      "max": 223.65850999995018,
      "p25": 7.549874999313033,
      "p75": 14.782653999645845,
      "p95": 29.330055998798343
    },
    "atlas": {
      "n": 28328,
      "mean": 5.374267876938889,
      "std": 11.96151669511577,
      "median": 1.03425000088464,
      "min": 0.0923469997360371,
      "max": 108.55422999884468,
      "p25": 0.25299399931100197,
      "p75": 1.3364820006245282,
      "p95": 36.76284500033944
    },
    "ratio_hg_over_atlas": 9.773245338672355
  },
  "timing_by_atom_bracket": {
    "small (10-19)": {
      "n": 20640,
      "hg": {
        "n": 20640,
        "mean": 10.677046503050887,
        "std": 4.726153540498572,
        "median": 9.557736999340705,
        "min": 2.7090140010841424,
        "max": 135.24400300048,
        "p25": 7.587294001496048,
        "p75": 12.425398999766912,
        "p95": 19.209490999855916
      },
      "atlas": {
        "n": 20640,
        "mean": 4.742410174219634,
        "std": 11.186754429599636,
        "median": 0.9936329988704529,
        "min": 0.09648200102674309,
        "max": 49.55655000048864,
        "p25": 0.15959099982865155,
        "p75": 1.3202909995015943,
        "p95": 36.60063200004515
      },
      "ratio_hg_over_atlas": 9.618981062631573
    },
    "tiny (<10)": {
      "n": 2838,
      "hg": {
        "n": 2838,
        "mean": 6.727341661704708,
        "std": 2.799263469467219,
        "median": 6.125435998910689,
        "min": 0.9553870004310738,
        "max": 32.30439300023136,
        "p25": 5.003829999623122,
        "p75": 7.95886900050391,
        "p95": 11.83778399899893
      },
      "atlas": {
        "n": 2838,
        "mean": 9.83146850774688,
        "std": 14.616228600153008,
        "median": 1.2062250007147668,
        "min": 0.0923469997360371,
        "max": 41.52122900086397,
        "p25": 1.102566999179544,
        "p75": 31.131429999732063,
        "p95": 35.53334299976996
      },
      "ratio_hg_over_atlas": 5.078186901515861
    },
    "large (35-59)": {
      "n": 676,
      "hg": {
        "n": 676,
        "mean": 39.942113032540774,
        "std": 16.29002383274511,
        "median": 35.41136300009384,
        "min": 12.34095099971455,
        "max": 160.88522499921964,
        "p25": 30.08380899882468,
        "p75": 45.878556000388926,
        "p95": 71.83559899931424
      },
      "atlas": {
        "n": 676,
        "mean": 7.329233826938693,
        "std": 15.329700721489553,
        "median": 1.3691860003746115,
        "min": 0.19615699966379907,
        "max": 71.49526200009859,
        "p25": 0.3130889999738429,
        "p75": 1.901157000247622,
        "p95": 46.42374200011545
      },
      "ratio_hg_over_atlas": 25.863077032927038
    },
    "medium (20-34)": {
      "n": 4125,
      "hg": {
        "n": 4125,
        "mean": 22.33877871077901,
        "std": 9.280718028782681,
        "median": 20.71411600081774,
        "min": 5.7821059999696445,
        "max": 93.70010700149578,
        "p25": 16.092738000224927,
        "p75": 26.321985000322456,
        "p95": 39.508441999714705
      },
      "atlas": {
        "n": 4125,
        "mean": 4.956843393467187,
        "std": 11.809639015620125,
        "median": 1.158687999122776,
        "min": 0.1346240005659638,
        "max": 55.96172799960186,
        "p25": 0.23407499975292012,
        "p75": 1.5507530006289016,
        "p95": 39.52316899994912
      },
      "ratio_hg_over_atlas": 17.87721631405526
    },
    "very large (>=60)": {
      "n": 49,
      "hg": {
        "n": 49,
        "mean": 77.6780584899231,
        "std": 45.6296586881577,
        "median": 64.60804700145673,
        "min": 23.55859999988752,
        "max": 223.65850999995018,
        "p25": 46.55847200046992,
        "p75": 91.80192900021211,
        "p95": 177.0797869994567
      },
      "atlas": {
        "n": 49,
        "mean": 21.5441986118985,
        "std": 31.608426666108453,
        "median": 2.029296998443897,
        "min": 0.3053840009670239,
        "max": 108.55422999884468,
        "p25": 0.5521559996850556,
        "p75": 37.78009999950882,
        "p95": 92.38809199996467
      },
      "ratio_hg_over_atlas": 31.837649713669016
    }
  },
  "timing_by_halogen_class": {
    "F only": {
      "n": 19666,
      "hg": {
        "n": 19666,
        "mean": 13.528663135610175,
        "std": 9.692088789417886,
        "median": 10.68321200000355,
        "min": 0.9553870004310738,
        "max": 223.65850999995018,
        "p25": 7.968998999785981,
        "p75": 15.72578400009661,
        "p95": 30.90483499909169
      },
      "atlas": {
        "n": 19666,
        "mean": 6.426351979860865,
        "std": 13.088274656479747,
        "median": 1.0592670005280524,
        "min": 0.0923469997360371,
        "max": 108.55422999884468,
        "p25": 0.28346200087980833,
        "p75": 1.3680369993380737,
        "p95": 37.39273399878584
      },
      "ratio_hg_over_atlas": 10.085476083629425
    },
    "Mixed (F + other)": {
      "n": 8637,
      "hg": {
        "n": 8637,
        "mean": 11.151789630420955,
        "std": 7.706865267309125,
        "median": 8.984893998785992,
        "min": 2.0294099995226134,
        "max": 166.3604019995546,
        "p25": 6.823297000664752,
        "p75": 12.466599000617862,
        "p95": 24.888345000363188
      },
      "atlas": {
        "n": 8637,
        "mean": 2.9911629572740233,
        "std": 8.424495106536986,
        "median": 0.9869479999906616,
        "min": 0.0972360012383433,
        "max": 55.96172799960186,
        "p25": 0.20188000053167343,
        "p75": 1.2932219997310312,
        "p95": 33.31976399931591
      },
      "ratio_hg_over_atlas": 9.103715696136986
    },
    "Other halogen (no F)": {
      "n": 3,
      "hg": {
        "n": 3,
        "mean": 2.233441999730227,
        "std": 0.3871107431853793,
        "median": 1.961795000170241,
        "min": 1.9576369995775167,
        "max": 2.780893999442924,
        "p25": 1.9576369995775167,
        "p75": 2.780893999442924,
        "p95": 2.780893999442924
      },
      "atlas": {
        "n": 3,
        "mean": 1.0869443334134605,
        "std": 0.01175978511490368,
        "median": 1.080198000636301,
        "min": 1.0771529996418394,
        "max": 1.1034819999622414,
        "p25": 1.0771529996418394,
        "p75": 1.1034819999622414,
        "p95": 1.1034819999622414
      },
      "ratio_hg_over_atlas": 1.8161438912260779
    },
    "No halogen": {
      "n": 22,
      "hg": {
        "n": 22,
        "mean": 1.8906512727467502,
        "std": 0.6790186924749911,
        "median": 1.7649560013524024,
        "min": 0.9706930013635429,
        "max": 3.506306999042863,
        "p25": 1.474057000450557,
        "p75": 2.0328430000517983,
        "p95": 3.4674979997362243
      },
      "atlas": {
        "n": 22,
        "mean": 1.0766857729487873,
        "std": 0.02749593276572814,
        "median": 1.0694920001697028,
        "min": 1.0356189995945897,
        "max": 1.1401830015529413,
        "p25": 1.0554010004852898,
        "p75": 1.099818000511732,
        "p95": 1.1144050004077144
      },
      "ratio_hg_over_atlas": 1.6502750848742638
    }
  },
  "group_name_counts": {
    "perhalogenated alkyl": 15828,
    "polyhalogenated alkyl": 23043,
    "Perhalogenated cyclic compounds": 16414,
    "Polyhalogenated cyclic compounds": 17066,
    "Perhalogenated aryl compounds": 15828,
    "Polyhalogenated aryl compounds": 23043,