{
  "timing_overall": {
    "hg": {
      "n": 28328,
      "mean": 23.227856057591893,
      "std": 19.980639839091797,
      "median": 17.532199970446527,
      "min": 0.47719990834593773,
      "max": 620.9497000090778,
      "p25": 12.860100017860532,
      "p75": 27.013949991669506,
      "p95": 54.37711996491996
    },
    "atlas": {
      "n": 28328,
      "mean": 5.074268891669695,
      "std": 11.300996661557658,
      "median": 0.9862565020739567,
      "min": 0.08726999658392742,
      "max": 103.66918799991254,
      "p25": 0.23911199969006702,
      "p75": 1.2719185015157564,
      "p95": 34.44316865316068
    },
    "ratio_hg_over_atlas": 4.577576898954745
  },
  "timing_by_atom_bracket": {
    "tiny (<10)": {
      "n": 2838,
      "hg_median": 10.298799956217408,
      "atlas_median": 1.1282564992143307,
      "ratio_hg_over_atlas": 9.128066147537417
    },
    "small (10-19)": {
      "n": 20640,
      "hg_median": 16.555450041778386,
      "atlas_median": 0.9395155029778834,
      "ratio_hg_over_atlas": 17.62126328868903
    },
    "medium (20-34)": {
      "n": 4125,
      "hg_median": 35.76079988852143,
      "atlas_median": 1.098979999369476,
      "ratio_hg_over_atlas": 32.53999154583221
    },
    "large (35-59)": {
      "n": 676,
      "hg_median": 63.520950032398105,
      "atlas_median": 1.2924089969601482,
      "ratio_hg_over_atlas": 49.1492632609372
    },
    "very large (>=60)": {
      "n": 49,
      "hg_median": 111.07490002177656,
      "atlas_median": 1.9563820023904555,
      "ratio_hg_over_atlas": 56.7756705418762
    }
  },
  "agreement_matrix": {
    "both_pfas": 20735,
    "only_hg": 6216,
    "only_atlas": 113,
    "neither": 1264,
    "total": 28328,
    "agreement_pct": 77.65814741598417,
    "cohen_kappa": 0.22150674558431271
  },
  "common_molecules": 28328,
  "hg_only_molecules": 6216,
  "atlas_only_molecules": 113,
  "group_name_counts": {
    "polyhalogenated cyclic compounds": 1402,
    "perhalogenated aryl compounds": 14067,
    "polyhalogenated aryl compounds": 14067,
    "OECD side-chain fluorinated aromatics": 5399,
    "heterocyclic azole": 1501,
    "perhalogenated alkyl": 10244,
    "polyhalogenated alkyl": 11991,
    "side-chain aromatics": 6567,
    "alkene": 202,
    "OECD semi-fluorinated alkanes": 181,
    "bromide": 223,
    "perhalogenated cyclic compounds": 1068,
    "OECD perfluoroalkyl carboxylic acids": 26,
    "OECD polyfluoroalkyl carboxylic acid": 77,
    "carboxylic acid": 405,
    "ether": 1719,
    "heterocyclic azine": 1936,
    "telomer carboxylic acids": 63,
    "telomers": 1033,
    "telomer methyl": 689,
    "sulfonamide": 91,
    "ketone": 373,
    "chloride": 211,
    "amide": 461,
    "telomer alkene": 68,
    "iodide": 101,
    "amine": 577,
    "telomer aldehyde": 7,
    "OECD hydrofluorocarbons": 77,
    "OECD semi-fluoroalkyl ketones": 60,
    "sulfonic acid": 173,
    "alcohol": 392,
    "telomer alcohol": 146,
    "telomer sulfone": 53,
    "OECD telomer alcohols": 42,
    "telomer sulfonamide": 20,
    "OECD perfluoroalkyl ketones": 6,
    "aldehyde": 40,
    "OECD perfluoroalkane sulfonyl fluorides": 4,
    "sulfonyl halide": 61,
    "OECD perfluoroalkyl sulfonic acids": 16,
    "acyl halide": 51,
    "telomer sulfure": 39,
    "OECD hydrofluoroolefins": 37,
    "OECD perfluoroalkane": 20,
    "ester": 128,
    "methacrylate": 13,
    "telomer methacrylate": 26,
    "OECD perfluoroalkyl iodides": 28,
    "OECD hydrofluoroethers": 74,
    "OECD polyfluoroalkyl sulfonic acid": 9,
    "telomer iodide": 33,
    "telomer unsaturated iodide": 35,
    "OECD perfluoroalkylether carboxylic acids": 17,
    "telomer ethoxylates": 25,
    "OECD perfluoroalkyl dicarboxylic acids": 8,
    "OECD polyfluoroalkylether carboxylic acid": 21,
    "telomer unsaturated halogen": 16,
    "telomer ester": 24,
    "alkyne": 27,
    "OECD perfluoroalkyl-tert-amines": 4,
    "telomer unsaturated carboxylic acids": 16,
    "telomer sulfonic acid": 5,
    "telomer sulfinic acid": 6,
    "telomer sulfenic acid": 6,
    "acrylate": 13,
    "telomer acrylate": 28,
    "OECD perfluoroalkene": 8,
    "telomer silyl": 10,
    "OECD perfluoroalkyl phosphonic acids": 1,
    "phosphonic acid": 11,
    "telomer sulfinyl": 12,
    "OECD perfluoroalkyl sulfinic acids": 3,
    "sulfinic acid": 9,
    "telomer monophosphate": 1,
    "OECD perfluoropolyethers": 3,
    "sulfonamidoethanol": 11,
    "telomer trichlorosilane": 4,
    "telomer sulfonamidoethanol": 1,
    "telomer ether carboxylic acids": 6,
    "telomer diphosphate": 4,
    "telomer triphosphate": 2,
    "OECD perfluoroalkyl alcohols": 3,
    "telomer thiocyanic acid": 1,
    "trichlorosilane": 1,
    "sulfonyl propanoic acid": 1,
    "OECD perfluoroalkylether sulfonic acids": 1,
    "OECD polyfluoroalkylether sulfonic acid": 1
  },
  "timestamp": "20260325_181212",
  "note": "Rebuilt with PFASGroups(halogens='F') from pfasgroups_clinventory_20260325T105742.json"
}