{
  "common_molecules": 28328,
  "hg_only_molecules": 43580,
  "atlas_only_molecules": 0,
  "agreement_matrix": {
    "both_pfas": 12001,
    "only_hg": 3075,
    "only_atlas": 8847,
    "neither": 4405,
    "total": 28328,
    "agreement_pct": 57.91443095170856,
    "cohen_kappa": 0.13191174509835057
  },
  "timing_overall": {
    "hg": {
      "n": 28328,
      "mean": 10.036120450225622,
      "std": 6.427294281888093,
      "median": 8.164127999862103,
      "min": 0.9231049998561502,
      "max": 142.45704600034514,
      "p25": 6.217570999979216,
      "p75": 11.367554000116797,
      "p95": 22.772450000047684
    },
    "atlas": {
      "n": 28328,
      "mean": 5.020082916758818,
      "std": 11.248246675414494,
      "median": 0.924892000057298,
      "min": 0.08623999974588514,
      "max": 102.5623949999499,
      "p25": 0.22386999989976175,
      "p75": 1.1966769998252857,
      "p95": 34.43551500004105
    },
    "ratio_hg_over_atlas": 8.82711494894142
  },
  "timing_by_atom_bracket": {
    "small (10-19)": {
      "n": 20640,
      "hg": {
        "n": 20640,
        "mean": 8.34779273052337,
        "std": 2.9533789668375747,
        "median": 7.827949999864359,
        "min": 2.6247119999425195,
        "max": 98.2092819999707,
        "p25": 6.267094000122597,
        "p75": 9.743518000050244,
        "p95": 13.810413000101107
      },
      "atlas": {
        "n": 20640,
        "mean": 4.428342423496443,
        "std": 10.530255933021166,
        "median": 0.8867120000104478,
        "min": 0.09028999966176343,
        "max": 65.28762800007826,
        "p25": 0.14093300023887423,
        "p75": 1.1850939999931143,
        "p95": 34.30811399994127
      },
      "ratio_hg_over_atlas": 8.828063677690304
    },
    "tiny (<10)": {
      "n": 2838,
      "hg": {
        "n": 2838,
        "mean": 5.2490755007012355,
        "std": 1.7204150329802717,
        "median": 4.938512000080664,
        "min": 0.9231049998561502,
        "max": 24.046717999681277,
        "p25": 4.214537999814638,
        "p75": 6.30584300006376,
        "p95": 8.258298999862745
      },
      "atlas": {
        "n": 2838,
        "mean": 9.227435851650759,
        "std": 13.779874835859884,
        "median": 1.0855289997380169,
        "min": 0.08623999974588514,
        "max": 39.51418699989517,
        "p25": 0.9919829999489593,
        "p75": 29.865626000173506,
        "p95": 33.326153000416525
      },
      "ratio_hg_over_atlas": 4.549405866883824
    },
    "large (35-59)": {
      "n": 676,
      "hg": {
        "n": 676,
        "mean": 31.063327973376715,
        "std": 8.277765562071249,
        "median": 30.148908000228403,
        "min": 11.79454099974464,
        "max": 60.305941999558854,
        "p25": 25.740756000232068,
        "p75": 35.73155499998393,
        "p95": 46.87203399998907
      },
      "atlas": {
        "n": 676,
        "mean": 6.745696510355247,
        "std": 14.133582593999542,
        "median": 1.2195229996905255,
        "min": 0.17469399972469546,
        "max": 51.57966299975669,
        "p25": 0.2771099998426507,
        "p75": 1.694673000201874,
        "p95": 42.750305000026856
      },
      "ratio_hg_over_atlas": 24.72188553055514
    },
    "medium (20-34)": {
      "n": 4125,
      "hg": {
        "n": 4125,
        "mean": 17.78937530690748,
        "std": 5.688927830154265,
        "median": 17.219985000338056,
        "min": 5.570887999965635,
        "max": 77.3459729998649,
        "p25": 13.75273899975582,
        "p75": 21.541335000165418,
        "p95": 27.39603200006968
      },
      "atlas": {
        "n": 4125,
        "mean": 4.626300884603992,
        "std": 11.105075035003704,
        "median": 1.0370979998697294,
        "min": 0.1264550000996678,
        "max": 46.16283499990459,
        "p25": 0.2090500001941109,
        "p75": 1.391107000017655,
        "p95": 37.166039000112505
      },
      "ratio_hg_over_atlas": 16.604009459569944
    },
    "very large (>=60)": {
      "n": 49,
      "hg": {
        "n": 49,
        "mean": 55.67181702042722,
        "std": 24.414986763604762,
        "median": 53.3198570001332,
        "min": 20.089989000098285,
        "max": 142.45704600034514,
        "p25": 40.28480599981776,
        "p75": 67.32952599986675,
        "p95": 104.06489800016061
      },
      "atlas": {
        "n": 49,
        "mean": 19.93625118369409,
        "std": 29.205890235356165,
        "median": 1.806708999993134,
        "min": 0.2777280001282634,
        "max": 102.5623949999499,
        "p25": 0.4854620001424337,
        "p75": 36.04864299995825,
        "p95": 81.23888999989504
      },
      "ratio_hg_over_atlas": 29.5121444573176
    }
  },
  "timing_by_halogen_class": {
    "F only": {
      "n": 19666,
      "hg": {
        "n": 19666,
        "mean": 10.594348547442658,
        "std": 6.740400885384819,
        "median": 8.612266999989515,
        "min": 0.9587300000930554,
        "max": 142.45704600034514,
        "p25": 6.603675999940606,
        "p75": 12.153616999967198,
        "p95": 23.863156999595958
      },
      "atlas": {
        "n": 19666,
        "mean": 6.0115663146517,
        "std": 12.315672295778237,
        "median": 0.9470699997109477,
        "min": 0.08623999974588514,
        "max": 102.5623949999499,
        "p25": 0.24861999963832204,
        "p75": 1.221428000008018,
        "p95": 34.985667999990255
      },
      "ratio_hg_over_atlas": 9.093590761631177
    },
    "Mixed (F + other)": {
      "n": 8637,
      "hg": {
        "n": 8637,
        "mean": 8.78991910709543,
        "std": 5.4374182476798,
        "median": 7.265090999680979,
        "min": 1.8752290002339578,
        "max": 79.28111699993678,
        "p25": 5.595852000169543,
        "p75": 9.626602000025741,
        "p95": 19.624914999894827
      },
      "atlas": {
        "n": 8637,
        "mean": 2.7740563381965506,
        "std": 7.892313135628386,
        "median": 0.8809269997982483,
        "min": 0.09028999966176343,
        "max": 49.47403699998176,
        "p25": 0.17889499986267765,
        "p75": 1.1672010000438604,
        "p95": 31.420267000157764
      },
      "ratio_hg_over_atlas": 8.247097661151088
    },
    "Other halogen (no F)": {
      "n": 3,
      "hg": {
        "n": 3,
        "mean": 1.6717266668517066,
        "std": 0.15138000529176862,
        "median": 1.6632940000818053,
        "min": 1.4906850001352723,
        "max": 1.861201000338042,
        "p25": 1.4906850001352723,
        "p75": 1.861201000338042,
        "p95": 1.861201000338042
      },
      "atlas": {
        "n": 3,
        "mean": 1.0387063334746927,
        "std": 0.09390370450097263,
        "median": 0.986290000128065,
        "min": 0.9592440001142677,
        "max": 1.1705850001817453,
        "p25": 0.9592440001142677,
        "p75": 1.1705850001817453,
        "p95": 1.1705850001817453
      },
      "ratio_hg_over_atlas": 1.6864147460339602
    },
    "No halogen": {
      "n": 22,
      "hg": {
        "n": 22,
        "mean": 1.4188669090551478,
        "std": 0.4620407164766356,
        "median": 1.2965889995939506,
        "min": 0.9231049998561502,
        "max": 2.7847419996760436,
        "p25": 1.1778610000874323,
        "p75": 1.4714439998897433,
        "p95": 2.2978150000199093
      },
      "atlas": {
        "n": 22,
        "mean": 1.0365913635930404,
        "std": 0.35285777246204786,
        "median": 0.953886000388593,
        "min": 0.9354310000162513,
        "max": 2.6509609997447114,
        "p25": 0.9474130001763115,
        "p75": 0.9694139998828177,
        "p95": 1.0270450002280995
      },
      "ratio_hg_over_atlas": 1.3592703940153725
    }
  },
  "group_name_counts": {
    "perhalogenated alkyl": 15828,
    "polyhalogenated alkyl": 23043,
    "Perhalogenated cyclic compounds": 16414,
    "Polyhalogenated cyclic compounds": 17066,
    "Perhalogenated aryl compounds": 15828,
    "Polyhalogenated aryl compounds": 23043,