{
  "common_molecules": 28328,
  "hg_only_molecules": 0,
  "atlas_only_molecules": 0,
  "agreement_matrix": {
    "both_pfas": 20736,
    "only_hg": 6469,
    "only_atlas": 112,
    "neither": 1011,
    "total": 28328,
    "agreement_pct": 76.76856820107314,
    "cohen_kappa": 0.17839629099848456
  },
  "timing_overall": {
    "hg": {
      "n": 28328,
      "mean": 12.735630311160413,
      "std": 8.191028912676465,
      "median": 10.371234006015584,
      "min": 0.4011470009572804,
      "max": 168.41646299872082,
      "p25": 7.730853998509701,
      "p75": 14.88848400185816,
      "p95": 28.843236999819055
    },
    "atlas": {
      "n": 28328,
      "mean": 5.074268891669695,
      "std": 11.300996661557658,
      "median": 0.9862670049187727,
      "min": 0.08726999658392742,
      "max": 103.66918799991254,
      "p25": 0.2391460002399981,
      "p75": 1.2719200021820143,
      "p95": 34.4432530037011
    },
    "ratio_hg_over_atlas": 10.515645311352316
  },
  "timing_by_atom_bracket": {
    "small (10-19)": {
      "n": 20640,
      "hg": {
        "n": 20640,
        "mean": 10.729118362813859,
        "std": 3.9827667052208384,
        "median": 9.891668996715453,
        "min": 2.9910829980508424,
        "max": 59.764353005448356,
        "p25": 7.837730998289771,
        "p75": 12.774934999470133,
        "p95": 18.377716995019
      },
      "atlas": {
        "n": 20640,
        "mean": 4.468790429612193,
        "std": 10.543280100225106,
        "median": 0.939544006541837,
        "min": 0.09152799611911178,
        "max": 73.20517799962545,
        "p25": 0.15205400268314406,
        "p75": 1.2428929985617287,
        "p95": 34.06334900500951
      },
      "ratio_hg_over_atlas": 10.528159328186812
    },
    "tiny (<10)": {
      "n": 2838,
      "hg": {
        "n": 2838,
        "mean": 6.414936095900258,
        "std": 2.226318188357865,
        "median": 6.0880239980178885,
        "min": 0.4011470009572804,
        "max": 18.57400000153575,
        "p25": 5.08852500206558,
        "p75": 7.625477002875414,
        "p95": 10.486481005500536
      },
      "atlas": {
        "n": 2838,
        "mean": 9.264119505038622,
        "std": 13.797444128324305,
        "median": 1.128490999690257,
        "min": 0.08726999658392742,
        "max": 57.81585200020345,
        "p25": 1.026271995215211,
        "p75": 28.81927900307346,
        "p95": 33.69968500192044
      },
      "ratio_hg_over_atlas": 5.394836112728326
    },
    "large (35-59)": {
      "n": 676,
      "hg": {
        "n": 676,
        "mean": 38.51757620858621,
        "std": 11.6344263871242,
        "median": 37.1304579966818,
        "min": 12.45449300040491,
        "max": 76.48109000001568,
        "p25": 30.60128999641165,
        "p75": 44.709071997203864,
        "p95": 61.70656200265512
      },
      "atlas": {
        "n": 676,
        "mean": 6.901175122544567,
        "std": 14.400550885009777,
        "median": 1.2934249971294776,
        "min": 0.17405600374331698,
        "max": 56.96466600056738,
        "p25": 0.29909199656685814,
        "p75": 1.831378998758737,
        "p95": 43.45368700160179
      },
      "ratio_hg_over_atlas": 28.707082419998162
    },
    "medium (20-34)": {
      "n": 4125,
      "hg": {
        "n": 4125,
        "mean": 22.25294559173794,
        "std": 7.799727183724026,
        "median": 21.055350996903144,
        "min": 5.434686005173717,
        "max": 78.64936399710132,
        "p25": 16.55058000324061,
        "p75": 27.060610002081376,
        "p95": 36.04066199477529
      },
      "atlas": {
        "n": 4125,
        "mean": 4.742159878997358,
        "std": 11.317504693843015,
        "median": 1.098979999369476,
        "min": 0.1271150031243451,
        "max": 62.52357099583605,
        "p25": 0.2199279988417402,
        "p75": 1.470098999561742,
        "p95": 37.372665006842
      },
      "ratio_hg_over_atlas": 19.158993802419833
    },
    "very large (>=60)": {
      "n": 49,
      "hg": {
        "n": 49,
        "mean": 67.123708632366,
        "std": 32.66518445626032,
        "median": 56.81714299862506,
        "min": 27.282748000288848,
        "max": 168.41646299872082,
        "p25": 39.20004300016444,
        "p75": 89.89423599996371,
        "p95": 133.53552499756915
      },
      "atlas": {
        "n": 49,
        "mean": 20.2016256534618,
        "std": 29.747872835949597,
        "median": 1.9563820023904555,
        "min": 0.2841690002242103,
        "max": 103.66918799991254,
        "p25": 0.489393001771532,
        "p75": 34.503659000620246,
        "p95": 81.7511490022298
      },
      "ratio_hg_over_atlas": 29.041947293116362
    }
  },
  "timing_by_halogen_class": {
    "F only": {
      "n": 19666,
      "hg": {
        "n": 19666,
        "mean": 13.557514118398933,
        "std": 8.53396593233632,
        "median": 11.070411994296592,
        "min": 1.6462450003018603,
        "max": 168.41646299872082,
        "p25": 8.332929995958693,
        "p75": 15.8971489945543,
        "p95": 30.285814995295368
      },
      "atlas": {
        "n": 19666,
        "mean": 6.06874542525626,
        "std": 12.376604572960304,
        "median": 1.0128359936061315,
        "min": 0.08726999658392742,
        "max": 103.66918799991254,
        "p25": 0.26907099527306855,
        "p75": 1.3079060008749366,
        "p95": 35.34521200344898
      },
      "ratio_hg_over_atlas": 10.930113132019693
    },
    "Mixed (F + other)": {
      "n": 8637,
      "hg": {
        "n": 8637,
        "mean": 10.89926460438882,
        "std": 6.992376715575163,
        "median": 8.8822110046749,
        "min": 2.036332996794954,
        "max": 113.42087699449621,
        "p25": 6.75408799725119,
        "p75": 12.47056300053373,
        "p95": 24.479601997882128
      },
      "atlas": {
        "n": 8637,
        "mean": 2.8216008165010784,
        "std": 7.919567941662816,
        "median": 0.9386570018250495,
        "min": 0.09152799611911178,
        "max": 64.5955159998266,
        "p25": 0.19591899763327092,
        "p75": 1.2207860054331832,
        "p95": 30.751853999390732
      },
      "ratio_hg_over_atlas": 9.462680177535606
    },
    "Other halogen (no F)": {
      "n": 3,
      "hg": {
        "n": 3,
        "mean": 0.7755236680774639,
        "std": 0.03519282342383856,
        "median": 0.7798509977874346,
        "min": 0.7304210012080148,
        "max": 0.8162990052369423,
        "p25": 0.7304210012080148,
        "p75": 0.8162990052369423,
        "p95": 0.8162990052369423
      },
      "atlas": {
        "n": 3,
        "mean": 0.968460000876803,
        "std": 0.011243937374163003,
        "median": 0.9632740038796328,
        "min": 0.9580350015312433,
        "max": 0.9840709972195327,
        "p25": 0.9580350015312433,
        "p75": 0.9840709972195327,
        "p95": 0.9840709972195327
      },
      "ratio_hg_over_atlas": 0.8095837681143131
    },
    "No halogen": {
      "n": 22,
      "hg": {
        "n": 22,
        "mean": 0.6176292276491453,
        "std": 0.18368328744870002,
        "median": 0.593408003624063,
        "min": 0.4011470009572804,
        "max": 1.2409779956215061,
        "p25": 0.5038680028519593,
        "p75": 0.6583239955944009,
        "p95": 0.8593170059612021
      },
      "atlas": {
        "n": 22,
        "mean": 1.0395453639582477,
        "std": 0.13465056189724958,
        "median": 1.0070330026792362,
        "min": 0.9252270028810017,
        "max": 1.5716080015408807,
        "p25": 0.9584400031599216,
        "p75": 1.0928059928119183,
        "p95": 1.1630629960563965
      },
      "ratio_hg_over_atlas": 0.5892637103702523
    }
  },
  "group_name_counts": {
    "polyhalogenated alkyl": 13320,
    "Polyhalogenated cyclic compounds": 1402,
    "Perhalogenated aryl compounds": 14067,
    "Polyhalogenated aryl compounds": 14067,
    "Side-chain fluorinated aromatics": 5399,
    "Heterocyclic azole": 1501,