{
  "timestamp": "20260325_135811",
  "note": "PFASGroups run with halogens='F' on all datasets",
  "datasets": {
    "OECD": {
      "n_total": 3715,
      "n_valid": 3707,
      "pg_timing": {
        "n": 3707,
        "mean": 26.33409386835879,
        "std": 19.475673480981243,
        "median": 20.761222000146518,
        "min": 2.928250999957527,
        "max": 229.20287300007658,
        "p25": 14.161689500042485,
        "p75": 32.05786099999841,
        "p95": 61.03433439989203
      },
      "atlas_timing": {
        "n": 3707,
        "mean": 32.420044355253886,
        "std": 19.286241373606526,
        "median": 36.99908700218657,
        "min": 0.12761900143232197,
        "max": 115.84742500053835,
        "p25": 30.495638000502368,
        "p75": 44.617204499445506,
        "p95": 56.464063800012795
      }
    },
    "clinventory (F)": {
      "n_total": 28328,
      "n_valid": 28328,
      "pg_timing": {
        "n": 28328,
        "mean": 23.227856057591893,
        "std": 19.980639839091797,
        "median": 17.532199970446527,
        "min": 0.47719990834593773,
        "max": 620.9497000090778,
        "p25": 12.860100017860532,
        "p75": 27.013949991669506,
        "p95": 54.37711996491996
      },
      "atlas_timing": {
        "n": 28328,
        "mean": 5.074268891669695,
        "std": 11.300996661557658,
        "median": 0.9862565020739567,
        "min": 0.08726999658392742,
        "max": 103.66918799991254,
        "p25": 0.23911199969006702,
        "p75": 1.2719185015157564,
        "p95": 34.44316865316068
      }
    },
    "stress (\u226535 atoms)": {
      "n_total": 1242,
      "n_valid": 1242,
      "pg_timing": {
        "n": 1242,
        "mean": 526.0043764433178,
        "std": 666.2931821357764,
        "median": 253.43301339999016,
        "min": 15.88308419995883,
        "max": 3743.0773015998966,
        "p25": 85.7866615500484,
        "p75": 661.836564449959,
        "p95": 2103.6789764300515
      },
      "atlas_timing": {
        "n": 1242,
        "mean": 93.78454671821662,
        "std": 100.16909559449994,
        "median": 72.48858150123851,
        "min": 0.21930339862592518,
        "max": 466.2983014000929,
        "p25": 1.5129040493775392,
        "p75": 132.0081611007481,
        "p95": 319.66704058773763
      }
    }
  }
}