{
  "total_points": 200,
  "breakpoint": 100,
  "low_region": {
    "n_points": 141,
    "atom_range": [
      13,
      97
    ],
    "time_range": [
      12.969700300072873,
      463.2429082999806
    ],
    "model": "t = 22.49 \u00d7 exp(0.03130 \u00d7 n)",
    "a": 22.49106057404156,
    "alpha": 0.03129797296273208,
    "R2": 0.9710456046027606,
    "RMSE": 20.593272051164583
  },
  "high_region": {
    "n_points": 59,
    "atom_range": [
      100,
      154
    ],
    "time_range": [
      236.66559049997886,
      663.6582091000491
    ],
    "model": "t = 39.19 \u00d7 exp(0.01811 \u00d7 n)",
    "a": 39.1904190215475,
    "alpha": 0.018106447174566446,
    "R2": 0.9669388871766298,
    "RMSE": 21.893502558303812
  },
  "speed_jump": {
    "mean_below_100": 438.46051363340547,
    "mean_above_100": 407.9865167864412,
    "jump_factor": 0.9304977394784438
  },
  "growth_rate_ratio": 1.7285540703255886
}