fp_variant,kruskal_H,kruskal_p,eta2,median_A,mean_A,std_A,median_B,mean_B,std_B,median_C,mean_C,std_C,median_D,mean_D,std_D,median_E,mean_E,std_E
binary_F_per,5138.026987401639,0.0,0.8124745984177305,1.0,0.9730829650249473,0.06608412127113511,1.0,1.0,0.0,1.0,0.971564393939394,0.06744082664755618,0.7777777777777778,0.7380718221999891,0.05514554572574029,0.7777777777777778,0.7372361111111111,0.04829028854327332
count_F_per,3661.611225613611,0.0,0.57882754005596,0.648,0.6319128282855315,0.19606586619918503,1.0,0.9900250504105831,0.02224799831478628,0.6310679611650486,0.6220615768463782,0.19858457857680104,0.5657894736842105,0.5734127749199965,0.15478316432292472,0.39705882352941174,0.4063731734591889,0.16443941798205838
maxcomp_F_per,3575.202462011377,0.0,0.5651531036574422,1.0,0.9730829650249473,0.06608412127113511,0.6666666666666666,0.6244776858638245,0.19771021775321487,0.6,0.6010533841823366,0.18743668184420892,0.7777777777777778,0.7380718221999891,0.05514554572574029,0.4827586206896552,0.474859734113935,0.14367315445267792
binary_F_poly,5138.026987401639,0.0,0.8124745984177305,1.0,0.9730829650249473,0.06608412127113511,1.0,1.0,0.0,1.0,0.971564393939394,0.06744082664755618,0.7777777777777778,0.7380718221999891,0.05514554572574029,0.7777777777777778,0.7372361111111111,0.04829028854327332
binary_F_none,5138.026987401639,0.0,0.8124745984177305,1.0,0.9730829650249473,0.06608412127113511,1.0,1.0,0.0,1.0,0.971564393939394,0.06744082664755618,0.7777777777777778,0.7380718221999891,0.05514554572574029,0.7777777777777778,0.7372361111111111,0.04829028854327332
binary_FCl_per,5138.026987401639,0.0,0.8124745984177305,1.0,0.9730829650249473,0.06608412127113511,1.0,1.0,0.0,1.0,0.971564393939394,0.06744082664755618,0.7777777777777778,0.7380718221999891,0.05514554572574029,0.7777777777777778,0.7372361111111111,0.04829028854327332
descriptive,1895.872801183635,0.0,0.29939433473391913,0.861687183380127,0.7902517039212492,0.21486283663398492,0.8942966312170029,0.8006629962990629,0.21499263909971267,0.6271279379725456,0.611211446674755,0.24986289032554732,0.8160196542739868,0.7914833725137211,0.1697900680839616,0.39878739416599274,0.4380844476591665,0.23856856917403624
