{
  "full": {
    "profile": "full",
    "n_molecules": 2500,
    "atom_min": 11,
    "atom_max": 622,
    "mean_time_ms": 271.7710249049592,
    "median_time_ms": 35.929184500082556,
    "a": 0.09043952277189246,
    "b": 0.00548297363060221,
    "a_err": 0.002096605179517637,
    "b_err": 4.423238626858488e-05,
    "r_squared": 0.903926976976787,
    "pearson_r": 0.9234956688230489,
    "p_value": 0.0
  },
  "no_resistance": {
    "profile": "no_resistance",
    "n_molecules": 2500,
    "atom_min": 11,
    "atom_max": 625,
    "mean_time_ms": 272.62446950511094,
    "median_time_ms": 31.649140499848723,
    "a": 0.08568082218086548,
    "b": 0.0055555462913763915,
    "a_err": 0.002206870790714391,
    "b_err": 4.79271756033967e-05,
    "r_squared": 0.8980205214227489,
    "pearson_r": 0.9124008501549175,
    "p_value": 0.0
  },
  "no_metrics": {
    "profile": "no_metrics",
    "n_molecules": 2500,
    "atom_min": 9,
    "atom_max": 621,
    "mean_time_ms": 205.08894271814916,
    "median_time_ms": 28.650337700128148,
    "a": 0.05655585066814662,
    "b": 0.005903584244092367,
    "a_err": 0.0016179028780812,
    "b_err": 5.24845692288682e-05,
    "r_squared": 0.8998551007465091,
    "pearson_r": 0.8877606101002213,
    "p_value": 0.0
  }
}