{
  "model": "t = a * exp(b * n)",
  "parameters": {
    "a": {
      "value": 0.08061616172984362,
      "error": 0.0019576179014935053,
      "unit": "seconds"
    },
    "b": {
      "value": 0.005619224106080127,
      "error": 4.5275959429711286e-05,
      "unit": "atoms\u207b\u00b9"
    }
  },
  "quality_metrics": {
    "r_squared": 0.9094420620216768,
    "pearson_correlation": 0.9172785239197394,
    "p_value": 0.0
  },
  "dataset_statistics": {
    "n_molecules": 2500,
    "atom_count_range": [
      11,
      619
    ],
    "chain_length_range": [
      5,
      200
    ],
    "mean_time_ms": 249.42498050739286,
    "median_time_ms": 25.83758500040858,
    "std_time_ms": 499.5783248872216
  }
}