{
  "full": {
    "profile": "full",
    "n_molecules": 2500,
    "atom_min": 9,
    "atom_max": 619,
    "mean_time_ms": 266.4179821815517,
    "median_time_ms": 26.537846098653972,
    "a": 0.08395124987510101,
    "b": 0.0056582952556000965,
    "a_err": 0.0021185533552103048,
    "b_err": 4.695880986910007e-05,
    "r_squared": 0.9049114426309148,
    "pearson_r": 0.9111262426110506,
    "p_value": 0.0
  },
  "no_resistance": {
    "profile": "no_resistance",
    "n_molecules": 2500,
    "atom_min": 11,
    "atom_max": 619,
    "mean_time_ms": 249.42498050739286,
    "median_time_ms": 25.83758500040858,
    "a": 0.08061616172984362,
    "b": 0.005619224106080127,
    "a_err": 0.0019576179014935053,
    "b_err": 4.5275959429711286e-05,
    "r_squared": 0.9094420620216768,
    "pearson_r": 0.9172785239197394,
    "p_value": 0.0
  },
  "no_metrics": {
    "profile": "no_metrics",
    "n_molecules": 2500,
    "atom_min": 11,
    "atom_max": 618,
    "mean_time_ms": 179.84767398103781,
    "median_time_ms": 24.875276899547316,
    "a": 0.05542806338327962,
    "b": 0.005798124032655343,
    "a_err": 0.0014377544064979382,
    "b_err": 4.8329137244522785e-05,
    "r_squared": 0.9009888754716853,
    "pearson_r": 0.8949085284211983,
    "p_value": 0.0
  }
}