{
  "full": {
    "profile": "full",
    "n_molecules": 2500,
    "atom_min": 11,
    "atom_max": 625,
    "mean_time_ms": 251.76228025678603,
    "median_time_ms": 24.432342300133318,
    "a": 0.09086416645041338,
    "b": 0.005338524393304782,
    "a_err": 0.003446556107175524,
    "b_err": 7.14517578137413e-05,
    "r_squared": 0.7705941142095543,
    "pearson_r": 0.8641746276745771,
    "p_value": 0.0
  },
  "no_resistance": {
    "profile": "no_resistance",
    "n_molecules": 2500,
    "atom_min": 11,
    "atom_max": 619,
    "mean_time_ms": 176.72681267927257,
    "median_time_ms": 24.765171500621364,
    "a": 0.0579318803033757,
    "b": 0.005515223167375883,
    "a_err": 0.0016418208718115249,
    "b_err": 5.2688619230191796e-05,
    "r_squared": 0.8748971856084846,
    "pearson_r": 0.900259270534821,
    "p_value": 0.0
  },
  "no_metrics": {
    "profile": "no_metrics",
    "n_molecules": 2500,
    "atom_min": 11,
    "atom_max": 619,
    "mean_time_ms": 97.74053313471202,
    "median_time_ms": 19.733432299108248,
    "a": 0.030043619231345894,
    "b": 0.00566712672450198,
    "a_err": 0.0008811250834267736,
    "b_err": 5.421785306333508e-05,
    "r_squared": 0.873563647652214,
    "pearson_r": 0.877699046173529,
    "p_value": 0.0
  }
}