{
  "model": "t = a * exp(b * n)",
  "parameters": {
    "a": {
      "value": 0.030043619231345894,
      "error": 0.0008811250834267736,
      "unit": "seconds"
    },
    "b": {
      "value": 0.00566712672450198,
      "error": 5.421785306333508e-05,
      "unit": "atoms\u207b\u00b9"
    }
  },
  "quality_metrics": {
    "r_squared": 0.873563647652214,
    "pearson_correlation": 0.877699046173529,
    "p_value": 0.0
  },
  "dataset_statistics": {
    "n_molecules": 2500,
    "atom_count_range": [
      11,
      619
    ],
    "chain_length_range": [
      5,
      200
    ],
    "mean_time_ms": 97.74053313471202,
    "median_time_ms": 19.733432299108248,
    "std_time_ms": 194.59814419924905
  }
}