{
  "full": {
    "profile": "full",
    "n_molecules": 2500,
    "atom_min": 9,
    "atom_max": 618,
    "mean_time_ms": 618.7881017476154,
    "median_time_ms": 24.311846099953982,
    "a": 0.1770861623239743,
    "b": 0.006174819364820415,
    "a_err": 0.008204889796079178,
    "b_err": 8.53972860659276e-05,
    "r_squared": 0.7883012654822628,
    "pearson_r": 0.8289493391133433,
    "p_value": 0.0
  },
  "no_resistance": {
    "profile": "no_resistance",
    "n_molecules": 2500,
    "atom_min": 9,
    "atom_max": 623,
    "mean_time_ms": 388.1994130955756,
    "median_time_ms": 22.974712900759187,
    "a": 0.12199401305185824,
    "b": 0.0058216739405552885,
    "a_err": 0.004257328248597065,
    "b_err": 6.431693970088828e-05,
    "r_squared": 0.8472234329996922,
    "pearson_r": 0.8758663844922748,
    "p_value": 0.0
  },
  "no_metrics": {
    "profile": "no_metrics",
    "n_molecules": 2500,
    "atom_min": 9,
    "atom_max": 625,
    "mean_time_ms": 143.61886255052755,
    "median_time_ms": 18.57917809902574,
    "a": 0.04555591739392129,
    "b": 0.005672336137141308,
    "a_err": 0.0011422331960230286,
    "b_err": 4.68240346612248e-05,
    "r_squared": 0.9051045622700445,
    "pearson_r": 0.9063437281359907,
    "p_value": 0.0
  }
}