{
  "full": {
    "profile": "full",
    "n_molecules": 2500,
    "atom_min": 9,
    "atom_max": 619,
    "mean_time_ms": 266.4179821815517,
    "median_time_ms": 26.537846098653972,
    "a": 0.08395124963941722,
    "b": 0.005658295261078371,
    "a_err": 0.002118553376565354,
    "b_err": 4.695880988371823e-05,
    "r_squared": 0.9049114426309217,
    "pearson_r": 0.9111262426110506,
    "p_value": 0.0
  },
  "no_resistance": {
    "profile": "no_resistance",
    "n_molecules": 2500,
    "atom_min": 11,
    "atom_max": 619,
    "mean_time_ms": 249.42498050739286,
    "median_time_ms": 25.83758500040858,
    "a": 0.08061616149477542,
    "b": 0.0056192241111282975,
    "a_err": 0.001957617883270598,
    "b_err": 4.527595940646514e-05,
    "r_squared": 0.9094420620216691,
    "pearson_r": 0.9172785239197394,
    "p_value": 0.0
  },
  "no_metrics": {
    "profile": "no_metrics",
    "n_molecules": 2500,
    "atom_min": 11,
    "atom_max": 618,
    "mean_time_ms": 179.84767398103781,
    "median_time_ms": 24.875276899547316,
    "a": 0.05542806349954726,
    "b": 0.005798124028755866,
    "a_err": 0.0014377544049369254,
    "b_err": 4.832913760746482e-05,
    "r_squared": 0.9009888754716834,
    "pearson_r": 0.8949085284211982,
    "p_value": 0.0
  }
}