{
  "full": {
    "profile": "full",
    "n_molecules": 2500,
    "atom_min": 10,
    "atom_max": 616,
    "mean_time_ms": 329.8452561782394,
    "median_time_ms": 22.514472602051683,
    "a": 0.1031269315163841,
    "b": 0.005708445456109787,
    "a_err": 0.0032067193586526777,
    "b_err": 5.753127465842145e-05,
    "r_squared": 0.8694839137072652,
    "pearson_r": 0.8941916942011522,
    "p_value": 0.0
  },
  "no_resistance": {
    "profile": "no_resistance",
    "n_molecules": 2500,
    "atom_min": 10,
    "atom_max": 618,
    "mean_time_ms": 239.3104081975273,
    "median_time_ms": 24.18280900164973,
    "a": 0.07342823128044483,
    "b": 0.005750540590636118,
    "a_err": 0.0018888182351916854,
    "b_err": 4.827051030074973e-05,
    "r_squared": 0.9042021417269906,
    "pearson_r": 0.9092015137356356,
    "p_value": 0.0
  },
  "no_metrics": {
    "profile": "no_metrics",
    "n_molecules": 2500,
    "atom_min": 11,
    "atom_max": 625,
    "mean_time_ms": 167.0333172926819,
    "median_time_ms": 19.982420597807504,
    "a": 0.0501604002132268,
    "b": 0.005831203951569892,
    "a_err": 0.0013937175650093967,
    "b_err": 5.130672988838674e-05,
    "r_squared": 0.8950821167015685,
    "pearson_r": 0.8906173983199693,
    "p_value": 0.0
  }
}