{
  "model": "t = a * exp(b * n)",
  "parameters": {
    "a": {
      "value": 0.08085323346859084,
      "error": 0.0031578314497020953,
      "unit": "seconds"
    },
    "b": {
      "value": 0.005590671049835032,
      "error": 7.261157398817273e-05,
      "unit": "atoms\u207b\u00b9"
    }
  },
  "quality_metrics": {
    "r_squared": 0.7881565303584732,
    "pearson_correlation": 0.8565489138245714,
    "p_value": 0.0
  },
  "dataset_statistics": {
    "n_molecules": 2500,
    "atom_count_range": [
      11,
      625
    ],
    "chain_length_range": [
      5,
      200
    ],
    "mean_time_ms": 241.2302373703313,
    "median_time_ms": 24.823847599327564,
    "std_time_ms": 524.5917260441681
  }
}