dataset,tool,n,mean,std,median,min,p25,p75,p95,max
OECD,PFASGroups,3707,26.33409386835879,19.475673480981243,20.761222000146518,2.928250999957527,14.161689500042485,32.05786099999841,61.03433439989203,229.20287300007658
OECD,PFAS-Atlas,3707,32.420044355253886,19.286241373606526,36.99908700218657,0.12761900143232197,30.495638000502368,44.617204499445506,56.464063800012795,115.84742500053835
CLInventory (F),PFASGroups,28328,23.227856057591893,19.980639839091797,17.532199970446527,0.47719990834593773,12.860100017860532,27.013949991669506,54.37711996491996,620.9497000090778
CLInventory (F),PFAS-Atlas,28328,5.074268891669695,11.300996661557658,0.9862565020739567,0.08726999658392742,0.23911199969006702,1.2719185015157564,34.44316865316068,103.66918799991254
Large PFAS (>=35 atoms),PFASGroups,1242,526.0043764433178,666.2931821357764,253.43301339999016,15.88308419995883,85.7866615500484,661.836564449959,2103.6789764300515,3743.0773015998966
Large PFAS (>=35 atoms),PFAS-Atlas,1242,93.78454671821662,100.16909559449994,72.48858150123851,0.21930339862592518,1.5129040493775392,132.0081611007481,319.66704058773763,466.2983014000929
